{"mean":{"confidence_interval":{"confidence_level":0.95,"lower_bound":192859619.44583333,"upper_bound":207611038.45000002},"point_estimate":199598724.93333334,"standard_error":3796971.485171606},"median":{"confidence_interval":{"confidence_level":0.95,"lower_bound":190797960.6666667,"upper_bound":208174878.8333333},"point_estimate":194282076.1666667,"standard_error":4421679.097997063},"median_abs_dev":{"confidence_interval":{"confidence_level":0.95,"lower_bound":1071717.1589732317,"upper_bound":19151851.11508669},"point_estimate":8544756.395900242,"standard_error":4724980.406450128},"slope":null,"std_dev":{"confidence_interval":{"confidence_level":0.95,"lower_bound":4598489.142048266,"upper_bound":16514946.655324332},"point_estimate":12585447.810435934,"standard_error":3129729.4165927987}}