{"mean":{"confidence_interval":{"confidence_level":0.95,"lower_bound":0.01722889204445486,"upper_bound":0.12473035003607175},"point_estimate":0.06858068922141336,"standard_error":0.0272173593338362},"median":{"confidence_interval":{"confidence_level":0.95,"lower_bound":0.018255855904861118,"upper_bound":0.14953213949366018},"point_estimate":0.06940639240338431,"standard_error":0.0308928112582878}}