{"mean":{"confidence_interval":{"confidence_level":0.95,"lower_bound":-0.0377008888566448,"upper_bound":0.08680827148352015},"point_estimate":0.023172651684987056,"standard_error":0.03186448587914053},"median":{"confidence_interval":{"confidence_level":0.95,"lower_bound":-0.06735524136530413,"upper_bound":0.09242489903768547},"point_estimate":-0.005280330363209629,"standard_error":0.0394331389609252}}