{"mean":{"confidence_interval":{"confidence_level":0.95,"lower_bound":1385958958.7825,"upper_bound":1439249230.7},"point_estimate":1409346131.0,"standard_error":13782480.593117453},"median":{"confidence_interval":{"confidence_level":0.95,"lower_bound":1377458921.5,"upper_bound":1428716715.0},"point_estimate":1397865142.5,"standard_error":13136282.448853314},"median_abs_dev":{"confidence_interval":{"confidence_level":0.95,"lower_bound":6200260.518023372,"upper_bound":61142696.250342414},"point_estimate":35661782.95997679,"standard_error":14395305.557481874},"slope":null,"std_dev":{"confidence_interval":{"confidence_level":0.95,"lower_bound":14629277.988771258,"upper_bound":64500717.28933476},"point_estimate":45725073.96575413,"standard_error":14082330.543092128}}