{"mean":{"confidence_interval":{"confidence_level":0.95,"lower_bound":187565601.034375,"upper_bound":203080724.43125},"point_estimate":195221148.725,"standard_error":3959141.4395209234},"median":{"confidence_interval":{"confidence_level":0.95,"lower_bound":190446364.75,"upper_bound":201345010.5},"point_estimate":197108565.5,"standard_error":2685164.8816934107},"median_abs_dev":{"confidence_interval":{"confidence_level":0.95,"lower_bound":4435336.073707044,"upper_bound":35842156.81407452},"point_estimate":9528642.232082784,"standard_error":7701972.1091823},"slope":null,"std_dev":{"confidence_interval":{"confidence_level":0.95,"lower_bound":11983814.25061282,"upper_bound":22626292.447267145},"point_estimate":18207403.30494827,"standard_error":2732290.8806114206}}